SET statement_timeout = 0;
SET lock_timeout = 0;
SET client_encoding = 'UTF8';
SET standard_conforming_strings = on;
SELECT pg_catalog.set_config('search_path', '', false);
SET check_function_bodies = false;
SET xmloption = content;
SET client_min_messages = warning;
SET row_security = off;
CREATE TYPE public.armor_slot AS ENUM ('HEAD', 'BODY', 'CAPE');
CREATE TYPE public.biome_type AS ENUM ('DESERT', 'TUNDRA', 'JUNGLE', 'URBAN');
CREATE TYPE public.enemy_faction_type AS ENUM ('BUGS', 'AUTOMATONS', 'ILLUMINATE');
CREATE TYPE public.lobby_type AS ENUM ('public_lobby', 'friends_only', 'invitation_only');
CREATE TYPE public.mission_type AS ENUM ('CIVILIANS', 'ISMC');
CREATE TYPE public.objective_type AS ENUM ('DEFEND', 'ATTACK', 'RESCUE', 'RECON', 'COMANDO', 'SABOTAGE', 'MINING');
CREATE TYPE public.owner_faction_type AS ENUM ('TERMINIDS', 'AUTOMATONS', 'ILLUMINATE', 'FEDERATION');
CREATE TYPE public.platform_type AS ENUM ('STEAM', 'XBOX', 'PSN', 'EPIC');
CREATE TYPE public.result_type AS ENUM ('WIN', 'LOSE', 'DRAW');
CREATE TYPE public.role_type AS ENUM ('ADMIN', 'USER', 'MODERATOR');
CREATE TYPE public.stratagem_type AS ENUM ('AIRSTRIKE', 'ORBITAL', 'SUPPORT', 'SHIELD', 'SUPPLY', 'EMPLACEMENT', 'VEHICLE', 'SENTRY', 'BACKPACK');
CREATE TYPE public.weapon_type AS ENUM ('PRIMARY', 'SECONDARY', 'SUPPORT', 'GRENADE');
CREATE TABLE public.account (
                                account_id bigint NOT NULL,
                                platform_type character varying(255),
                                psn_steam_id character varying(255),
                                email character varying(255) NOT NULL,
                                region character varying(255),
                                is_banned boolean,
                                ban_reason character varying(255),
                                created_at timestamp with time zone,
                                last_login timestamp with time zone,
                                password character varying(255),
                                encrypted_password character varying(255),
                                platform_id character varying(255)
);
ALTER TABLE public.account ALTER COLUMN account_id ADD GENERATED ALWAYS AS IDENTITY (
    SEQUENCE NAME public.account_account_id_seq START WITH 1 INCREMENT BY 1 NO MINVALUE NO MAXVALUE CACHE 1
    );
CREATE TABLE public.account_role (
                                     account_id bigint NOT NULL,
                                     role_id integer NOT NULL,
                                     id integer NOT NULL
);
ALTER TABLE public.account_role ALTER COLUMN id ADD GENERATED BY DEFAULT AS IDENTITY (
    SEQUENCE NAME public.account_role_id_seq START WITH 1 INCREMENT BY 1 NO MINVALUE NO MAXVALUE CACHE 1
    );
CREATE TABLE public.armor (
                              armor_id integer NOT NULL,
                              name character varying(255) NOT NULL,
                              armor_slot character varying(255) NOT NULL,
                              armor_rating integer NOT NULL,
                              speed integer NOT NULL,
                              stamina_regen integer NOT NULL,
                              passive_id integer NOT NULL,
                              req_cost integer,
                              super_credits_cost integer,
                              image_url character(155)
);
ALTER TABLE public.armor ALTER COLUMN armor_id ADD GENERATED ALWAYS AS IDENTITY (
    SEQUENCE NAME public.armor_armor_id_seq START WITH 1 INCREMENT BY 1 NO MINVALUE NO MAXVALUE CACHE 1
    );
CREATE TABLE public.helldiver (
                                  helldiver_id integer NOT NULL,
                                  account_id integer NOT NULL,
                                  callsign character varying(255),
                                  level integer,
                                  xp_total integer,
                                  kills_total integer,
                                  deaths_total integer,
                                  super_credits integer,
                                  created_at timestamp with time zone,
                                  medals integer,
                                  missions_completed integer,
                                  samples_tier_1_collected integer,
                                  samples_tier_2_collected integer,
                                  samples_tier_3_collected integer,
                                  requisition_slips integer DEFAULT 0
);
ALTER TABLE public.helldiver ALTER COLUMN helldiver_id ADD GENERATED ALWAYS AS IDENTITY (
    SEQUENCE NAME public.helldiver_helldiver_id_seq START WITH 1 INCREMENT BY 1 NO MINVALUE NO MAXVALUE CACHE 1
    );
CREATE TABLE public.helldiver_ship_upgrade (
                                               helldiver_id integer NOT NULL,
                                               upgrade_id integer NOT NULL,
                                               unlocked_at timestamp without time zone,
                                               helldiver_ship_upgrade_id integer NOT NULL
);
ALTER TABLE public.helldiver_ship_upgrade ALTER COLUMN helldiver_ship_upgrade_id ADD GENERATED ALWAYS AS IDENTITY (
    SEQUENCE NAME public.helldiver_ship_upgrade_id_seq START WITH 1 INCREMENT BY 1 NO MINVALUE NO MAXVALUE CACHE 1
    );
CREATE TABLE public.loadout (
                                loadout_id integer NOT NULL,
                                helldiver_id integer NOT NULL,
                                name character(155) NOT NULL,
                                primary_weapon_id integer NOT NULL,
                                secondary_weapon_id integer NOT NULL,
                                grenade_id integer NOT NULL,
                                armor_body_id integer NOT NULL,
                                armor_head_id integer NOT NULL,
                                armor_cape_id integer NOT NULL,
                                is_active boolean NOT NULL
);
ALTER TABLE public.loadout ALTER COLUMN loadout_id ADD GENERATED ALWAYS AS IDENTITY (
    SEQUENCE NAME public.loadout_id_loadout_id_id_seq START WITH 1 INCREMENT BY 1 NO MINVALUE NO MAXVALUE CACHE 1
    );
CREATE TABLE public.loadout_stratagem (
                                          loadout_strat_id integer NOT NULL,
                                          loadout_id integer NOT NULL,
                                          stratagem_id integer NOT NULL,
                                          slot_position smallint NOT NULL
);
ALTER TABLE public.loadout_stratagem ALTER COLUMN loadout_strat_id ADD GENERATED ALWAYS AS IDENTITY (
    SEQUENCE NAME public.loadout_strat_id_seq START WITH 1 INCREMENT BY 1 NO MINVALUE NO MAXVALUE CACHE 1
    );
CREATE TABLE public.mission (
                                mission_id integer NOT NULL,
                                planet_id integer NOT NULL,
                                squad_id integer NOT NULL,
                                mission_type character varying(255) NOT NULL,
                                difficulty integer NOT NULL,
                                enemy_faction character varying(255) NOT NULL,
                                started_at timestamp with time zone NOT NULL,
                                ended_at timestamp with time zone,
                                mission_result character varying(255),
                                samples_tier_1_found integer,
                                samples_tier_2_found integer,
                                samples_tier_3_found integer,
                                xp_earned integer,
                                medals_earned integer,
                                mission_stats_saved boolean DEFAULT false
);
ALTER TABLE public.mission ALTER COLUMN mission_id ADD GENERATED ALWAYS AS IDENTITY (
    SEQUENCE NAME public.mission_mission_id_seq START WITH 1 INCREMENT BY 1 NO MINVALUE NO MAXVALUE CACHE 1
    );
CREATE TABLE public.mission_stats (
                                      stat_id integer NOT NULL,
                                      mission_id integer NOT NULL,
                                      helldiver_id integer NOT NULL,
                                      kills integer,
                                      deaths integer,
                                      friendly_kills integer,
                                      shots_fired integer,
                                      accuracy_pct double precision,
                                      stratagems_used integer,
                                      distance_travelled double precision,
                                      objectives_done integer
);
ALTER TABLE public.mission_stats ALTER COLUMN stat_id ADD GENERATED ALWAYS AS IDENTITY (
    SEQUENCE NAME public.mission_stats_stat_id_seq START WITH 1 INCREMENT BY 1 NO MINVALUE NO MAXVALUE CACHE 1
    );
CREATE TABLE public.objective (
                                  objective_id integer NOT NULL,
                                  name character varying(255),
                                  description character varying(255),
                                  is_primary boolean,
                                  mission_id integer,
                                  completed boolean,
                                  completed_at timestamp with time zone,
                                  objective_type character varying(255)
);
ALTER TABLE public.objective ALTER COLUMN objective_id ADD GENERATED ALWAYS AS IDENTITY (
    SEQUENCE NAME public.objective_objective_id_seq START WITH 1 INCREMENT BY 1 NO MINVALUE NO MAXVALUE CACHE 1
    );
CREATE TABLE public.passive_bonus (
                                      passive_id integer NOT NULL,
                                      name character varying(255),
                                      description character varying(255),
                                      stat_modifier character varying(255)
);
CREATE SEQUENCE public.passive_bonus_seq START WITH 1 INCREMENT BY 50 NO MINVALUE NO MAXVALUE CACHE 1;
ALTER TABLE public.passive_bonus ALTER COLUMN passive_id ADD GENERATED ALWAYS AS IDENTITY (
    SEQUENCE NAME public.passive_id_passive_id_id_seq START WITH 1 INCREMENT BY 1 NO MINVALUE NO MAXVALUE CACHE 1
    );
CREATE TABLE public.planet (
                               planet_id integer NOT NULL,
                               name character varying(255),
                               sector character varying(255),
                               liberation_rate double precision,
                               coodinates_x double precision,
                               coordinates_y double precision,
                               max_health double precision,
                               current_health double precision,
                               regen_per_hour double precision,
                               biome character varying(255),
                               owner_faction character varying(255),
                               hazard_types character varying(255),
                               coordinates_x double precision
);
ALTER TABLE public.planet ALTER COLUMN planet_id ADD GENERATED ALWAYS AS IDENTITY (
    SEQUENCE NAME public.planet_planet_id_seq START WITH 1 INCREMENT BY 1 NO MINVALUE NO MAXVALUE CACHE 1
    );
CREATE TABLE public.player (
                               id bigint NOT NULL,
                               username character varying(255)
);
CREATE TABLE public.role (
                             role_id integer NOT NULL,
                             name character varying(255) NOT NULL
);
CREATE SEQUENCE public.role_role_id_seq AS integer START WITH 1 INCREMENT BY 1 NO MINVALUE NO MAXVALUE CACHE 1;
ALTER SEQUENCE public.role_role_id_seq OWNED BY public.role.role_id;
ALTER TABLE ONLY public.role ALTER COLUMN role_id SET DEFAULT nextval('public.role_role_id_seq'::regclass);
CREATE TABLE public.ship_upgrade (
                                     upgrade_id integer NOT NULL,
                                     module_name character varying(255),
                                     tier smallint,
                                     description character varying(255),
                                     effect_json character varying(255),
                                     common_samples integer,
                                     rare_samples integer,
                                     super_samples integer,
                                     parent_upgrade_id integer
);
ALTER TABLE public.ship_upgrade ALTER COLUMN upgrade_id ADD GENERATED ALWAYS AS IDENTITY (
    SEQUENCE NAME public.upgrade_id_seq START WITH 1 INCREMENT BY 1 NO MINVALUE NO MAXVALUE CACHE 1
    );
CREATE TABLE public.squad (
                              squad_id integer NOT NULL,
                              session_id character varying(255),
                              lobby_code character varying(255),
                              max_players integer,
                              created_at timestamp with time zone,
                              lobby_type character varying(255) DEFAULT 'public_lobby'::public.lobby_type NOT NULL
);
ALTER TABLE public.squad ALTER COLUMN squad_id ADD GENERATED ALWAYS AS IDENTITY (
    SEQUENCE NAME public.squad_squad_id_seq START WITH 1 INCREMENT BY 1 NO MINVALUE NO MAXVALUE CACHE 1
    );
CREATE TABLE public.squad_member (
                                     squad_member_id integer NOT NULL,
                                     squad_id integer,
                                     helldivers_id integer,
                                     is_host boolean,
                                     joined_at timestamp with time zone,
                                     slot_number integer,
                                     squad_member integer NOT NULL
);
ALTER TABLE public.squad_member ALTER COLUMN squad_member_id ADD GENERATED ALWAYS AS IDENTITY (
    SEQUENCE NAME public.squad_member_squad_member_id_seq START WITH 1 INCREMENT BY 1 NO MINVALUE NO MAXVALUE CACHE 1
    );
CREATE TABLE public.stratagem (
                                  stratagem_id integer NOT NULL,
                                  name character varying(255) NOT NULL,
                                  category character varying(255) NOT NULL,
                                  input_sequence character varying(255) NOT NULL,
                                  uses_per_mission smallint,
                                  cooldown_seconds smallint NOT NULL,
                                  activation_time smallint NOT NULL,
                                  damage double precision,
                                  radius double precision,
                                  req_cost integer,
                                  unlock_level integer,
                                  backpack_slot boolean NOT NULL,
                                  image_url character(255)
);
ALTER TABLE public.stratagem ALTER COLUMN stratagem_id ADD GENERATED ALWAYS AS IDENTITY (
    SEQUENCE NAME public.stratagem_id_stratagem_id_seq START WITH 1 INCREMENT BY 1 NO MINVALUE NO MAXVALUE CACHE 1
    );
CREATE TABLE public.stratagem_attack (
                                         attack_id integer NOT NULL,
                                         stratagem_id integer NOT NULL,
                                         attack_name character varying(255) NOT NULL,
                                         attack_type character varying(255) NOT NULL,
                                         sort_order smallint DEFAULT 1 NOT NULL,
                                         damage_element character varying(255),
                                         damage_standard double precision,
                                         damage_standard_type character varying(255),
                                         damage_vs_durable double precision,
                                         damage_vs_durable_type character varying(255),
                                         inner_radius_m double precision,
                                         outer_radius_m double precision,
                                         shockwave_radius_m double precision,
                                         inner_damage double precision,
                                         inner_damage_type character varying(255),
                                         inner_durable double precision,
                                         inner_durable_type character varying(255),
                                         outer_damage double precision,
                                         outer_durable double precision,
                                         aoe_penetration_level smallint,
                                         aoe_penetration_name character varying(255),
                                         penetration_direct smallint,
                                         penetration_direct_name character varying(255),
                                         penetration_slight_angle smallint,
                                         penetration_slight_name character varying(255),
                                         penetration_large_angle smallint,
                                         penetration_large_name character varying(255),
                                         penetration_extreme_angle smallint,
                                         penetration_extreme_name character varying(255),
                                         projectile_name character varying(255),
                                         caliber character varying(255),
                                         mass_grams double precision,
                                         initial_velocity_ms smallint,
                                         drag_factor_pct smallint,
                                         gravity_factor_pct smallint,
                                         penetration_slowdown_pct smallint,
                                         demolition_force smallint,
                                         stagger_force smallint,
                                         push_force smallint
);
CREATE SEQUENCE public.stratagem_attack_attack_id_seq AS integer START WITH 1 INCREMENT BY 1 NO MINVALUE NO MAXVALUE CACHE 1;
ALTER SEQUENCE public.stratagem_attack_attack_id_seq OWNED BY public.stratagem_attack.attack_id;
ALTER TABLE ONLY public.stratagem_attack ALTER COLUMN attack_id SET DEFAULT nextval('public.stratagem_attack_attack_id_seq'::regclass);
CREATE TABLE public.stratagem_attack_status (
                                                status_id integer NOT NULL,
                                                attack_id integer NOT NULL,
                                                sort_order smallint DEFAULT 1 NOT NULL,
                                                status_name character varying(255) NOT NULL,
                                                status_strength double precision,
                                                status_duration_sec double precision
);
CREATE SEQUENCE public.stratagem_attack_status_status_id_seq AS integer START WITH 1 INCREMENT BY 1 NO MINVALUE NO MAXVALUE CACHE 1;
ALTER SEQUENCE public.stratagem_attack_status_status_id_seq OWNED BY public.stratagem_attack_status.status_id;
ALTER TABLE ONLY public.stratagem_attack_status ALTER COLUMN status_id SET DEFAULT nextval('public.stratagem_attack_status_status_id_seq'::regclass);
CREATE TABLE public.stratagem_changelog (
                                            changelog_id integer NOT NULL,
                                            stratagem_id integer NOT NULL,
                                            patch_version character varying(20) NOT NULL,
                                            patch_date date,
                                            change_type character varying(10) NOT NULL,
                                            field_changed character varying(60),
                                            old_value character varying(60),
                                            new_value character varying(60),
                                            description text NOT NULL
);
CREATE SEQUENCE public.stratagem_changelog_changelog_id_seq AS integer START WITH 1 INCREMENT BY 1 NO MINVALUE NO MAXVALUE CACHE 1;
ALTER SEQUENCE public.stratagem_changelog_changelog_id_seq OWNED BY public.stratagem_changelog.changelog_id;
ALTER TABLE ONLY public.stratagem_changelog ALTER COLUMN changelog_id SET DEFAULT nextval('public.stratagem_changelog_changelog_id_seq'::regclass);
CREATE TABLE public.stratagem_entity (
                                         entity_id integer NOT NULL,
                                         stratagem_id integer NOT NULL,
                                         entity_name character varying(255) NOT NULL,
                                         main_health smallint,
                                         main_armor character varying(255),
                                         main_armor_level smallint,
                                         horizontal_turn_speed smallint,
                                         vertical_turn_speed smallint,
                                         vertical_limit_min double precision,
                                         vertical_limit_max double precision,
                                         lifetime_secs smallint,
                                         mags_from_supply smallint,
                                         mags_from_ammo_box smallint,
                                         max_rounds smallint,
                                         starting_rounds smallint,
                                         fire_rate_rpm smallint,
                                         recoil double precision,
                                         horizontal_recoil double precision,
                                         vertical_recoil double precision,
                                         spread_horizontal double precision,
                                         spread_vertical double precision,
                                         sway double precision,
                                         ergonomics smallint,
                                         capacity smallint
);
CREATE SEQUENCE public.stratagem_entity_entity_id_seq AS integer START WITH 1 INCREMENT BY 1 NO MINVALUE NO MAXVALUE CACHE 1;
ALTER SEQUENCE public.stratagem_entity_entity_id_seq OWNED BY public.stratagem_entity.entity_id;
ALTER TABLE ONLY public.stratagem_entity ALTER COLUMN entity_id SET DEFAULT nextval('public.stratagem_entity_entity_id_seq'::regclass);
CREATE TABLE public.stratagem_ship_module (
                                              stratagem_id integer NOT NULL,
                                              upgrade_id integer NOT NULL,
                                              effect_desc character varying(255)
);
CREATE TABLE public.weapon (
                               weapon_id integer NOT NULL,
                               name character varying(255) NOT NULL,
                               damage integer,
                               " fire_rate" integer,
                               mag_size integer,
                               max_ammo integer,
                               recoil integer,
                               penetration_level integer,
                               unlock_level integer,
                               req_cost integer,
                               image_url character varying(255),
                               weapon_type character varying(255),
                               super_credits_cost integer,
                               fire_rate integer
);
ALTER TABLE public.weapon ALTER COLUMN weapon_id ADD GENERATED ALWAYS AS IDENTITY (
    SEQUENCE NAME public.weapon_weapon_id_seq START WITH 1 INCREMENT BY 1 NO MINVALUE NO MAXVALUE CACHE 1
    );
ALTER TABLE public.weapon
    ADD COLUMN horizontal_recoil DOUBLE PRECISION,
    ADD COLUMN vertical_recoil DOUBLE PRECISION,
    ADD COLUMN spread_horizontal DOUBLE PRECISION,
    ADD COLUMN spread_vertical DOUBLE PRECISION,
    ADD COLUMN sway DOUBLE PRECISION,
    ADD COLUMN ergonomics INTEGER,
    ADD COLUMN spare_magazines INTEGER,
    ADD COLUMN starting_magazines INTEGER,
    ADD COLUMN mags_from_supply INTEGER,
    ADD COLUMN mags_from_ammo_box INTEGER;
CREATE TABLE public.ammo (
    ammo_id integer NOT NULL,
    name character varying(100) NOT NULL,
    caliber character varying(20),
    mass_grams double precision,
    initial_velocity_ms double precision,
    drag_factor_pct double precision,
    gravity_factor_pct double precision,
    penetration_slowdown_pct double precision,
    damage_standard integer,
    damage_standard_type character varying(50),
    damage_durable integer,
    damage_durable_type character varying(50),
    penetration_direct smallint,
    penetration_direct_name character varying(50),
    penetration_slight_angle smallint,
    penetration_slight_name character varying(50),
    penetration_large_angle smallint,
    penetration_large_name character varying(50),
    penetration_extreme_angle smallint,
    penetration_extreme_name character varying(50),
    demolition_force smallint,
    stagger_force smallint,
    push_force smallint
);
ALTER TABLE public.ammo ALTER COLUMN ammo_id ADD GENERATED ALWAYS AS IDENTITY (
    SEQUENCE NAME public.ammo_ammo_id_seq START WITH 1 INCREMENT BY 1 NO MINVALUE NO MAXVALUE CACHE 1
    );
CREATE TABLE public.attachment (
    attachment_id integer NOT NULL,
    name character varying(100) NOT NULL,
    category character varying(50) NOT NULL
);
ALTER TABLE public.attachment ALTER COLUMN attachment_id ADD GENERATED ALWAYS AS IDENTITY (
    SEQUENCE NAME public.attachment_attachment_id_seq START WITH 1 INCREMENT BY 1 NO MINVALUE NO MAXVALUE CACHE 1
    );
CREATE TABLE public.weapon_ammo (
    weapon_id integer NOT NULL,
    ammo_id integer NOT NULL
);
CREATE TABLE public.weapon_attachment (
    weapon_id integer NOT NULL,
    attachment_id integer NOT NULL,
    weapon_unlock_level integer,
    unlock_cost integer,
    effect character varying(255)
);
ALTER TABLE ONLY public.account ADD CONSTRAINT account_pkey PRIMARY KEY (account_id);
ALTER TABLE ONLY public.account_role ADD CONSTRAINT account_role_pkey PRIMARY KEY (account_id, role_id);
ALTER TABLE ONLY public.armor ADD CONSTRAINT armor_pkey PRIMARY KEY (armor_id);
ALTER TABLE ONLY public.helldiver ADD CONSTRAINT helldiver_pkey PRIMARY KEY (helldiver_id);
ALTER TABLE ONLY public.helldiver_ship_upgrade ADD CONSTRAINT helldiver_ship_upgrade_pkey PRIMARY KEY (helldiver_ship_upgrade_id);
ALTER TABLE ONLY public.loadout ADD CONSTRAINT loadout_pkey PRIMARY KEY (loadout_id);
ALTER TABLE ONLY public.loadout_stratagem ADD CONSTRAINT loadout_stratagem_pkey PRIMARY KEY (loadout_strat_id);
ALTER TABLE ONLY public.mission ADD CONSTRAINT mission_pkey PRIMARY KEY (mission_id);
ALTER TABLE ONLY public.mission_stats ADD CONSTRAINT mission_stats_pkey PRIMARY KEY (stat_id);
ALTER TABLE ONLY public.objective ADD CONSTRAINT objective_pkey PRIMARY KEY (objective_id);
ALTER TABLE ONLY public.passive_bonus ADD CONSTRAINT passive_bonus_pkey PRIMARY KEY (passive_id);
ALTER TABLE ONLY public.planet ADD CONSTRAINT "Planet_pkey" PRIMARY KEY (planet_id);
ALTER TABLE ONLY public.player ADD CONSTRAINT player_pkey PRIMARY KEY (id);
ALTER TABLE ONLY public.role ADD CONSTRAINT role_pkey PRIMARY KEY (role_id);
ALTER TABLE ONLY public.role ADD CONSTRAINT role_name_key UNIQUE (name);
ALTER TABLE ONLY public.ship_upgrade ADD CONSTRAINT ship_upgrade_pkey PRIMARY KEY (upgrade_id);
ALTER TABLE ONLY public.squad ADD CONSTRAINT squad_pkey PRIMARY KEY (squad_id);
ALTER TABLE ONLY public.squad_member ADD CONSTRAINT squad_member_pkey PRIMARY KEY (squad_member_id);
ALTER TABLE ONLY public.stratagem ADD CONSTRAINT stratagem_pkey PRIMARY KEY (stratagem_id);
ALTER TABLE ONLY public.stratagem_attack ADD CONSTRAINT stratagem_attack_pkey PRIMARY KEY (attack_id);
ALTER TABLE ONLY public.stratagem_attack_status ADD CONSTRAINT stratagem_attack_status_pkey PRIMARY KEY (status_id);
ALTER TABLE ONLY public.stratagem_changelog ADD CONSTRAINT stratagem_changelog_pkey PRIMARY KEY (changelog_id);
ALTER TABLE ONLY public.stratagem_entity ADD CONSTRAINT stratagem_entity_pkey PRIMARY KEY (entity_id);
ALTER TABLE ONLY public.stratagem_entity ADD CONSTRAINT stratagem_entity_stratagem_id_key UNIQUE (stratagem_id);
ALTER TABLE ONLY public.stratagem_ship_module ADD CONSTRAINT stratagem_ship_module_pkey PRIMARY KEY (stratagem_id, upgrade_id);
ALTER TABLE ONLY public.weapon ADD CONSTRAINT weapon_pkey PRIMARY KEY (weapon_id);
ALTER TABLE ONLY public.ammo ADD CONSTRAINT ammo_pkey PRIMARY KEY (ammo_id);
ALTER TABLE ONLY public.attachment ADD CONSTRAINT attachment_pkey PRIMARY KEY (attachment_id);
ALTER TABLE ONLY public.weapon_ammo ADD CONSTRAINT weapon_ammo_pkey PRIMARY KEY (weapon_id, ammo_id);
ALTER TABLE ONLY public.weapon_attachment ADD CONSTRAINT weapon_attachment_pkey PRIMARY KEY (weapon_id, attachment_id);
CREATE INDEX idx_changelog_patch ON public.stratagem_changelog USING btree (patch_version);
CREATE INDEX idx_changelog_stratagem ON public.stratagem_changelog USING btree (stratagem_id);
CREATE INDEX idx_sattack_stratagem ON public.stratagem_attack USING btree (stratagem_id);
CREATE INDEX idx_sstatus_attack ON public.stratagem_attack_status USING btree (attack_id);
COPY public.role (role_id, name) FROM stdin;
1	ADMIN
2	USER
3	MODERATOR
\.
COPY public.passive_bonus (passive_id, name, description, stat_modifier) FROM stdin;
1	Fortified	Reduces damage taken from explosions	armor+10
2	Scout	Increases movement speed significantly	speed+5
3	Athletic	Faster stamina recovery	stamina+8
4	Blast Resistant	Bonus explosive resistance	explosion_res+15
5	Grenadier	Increased grenade capacity	grenades+2
6	Quick Draw	Faster reload speed	reload-20pct
7	Ammo Efficient	Extra ammo reserves	ammo+25pct
8	Tactician	Reduced stratagem cooldown	cooldown-10pct
9	Brawler	Increased melee damage	melee+20
10	Marksman	Better accuracy while moving	accuracy+5
\.
COPY public.planet (planet_id, name, sector, liberation_rate, coodinates_x, coordinates_y, max_health, current_health, regen_per_hour, biome, owner_faction, hazard_types, coordinates_x) FROM stdin;
1	Helios Prime	Alpha Sector	0.82	120.5	-340.2	1000	820	15.5	VOLCANIC	FEDERATION	None	120.5
2	Crimsonia	Beta Sector	0.34	-88	215.7	750	255	8	VOLCANIC	AUTOMATONS	Extreme Heat, Earthquakes	-88
3	Glacius	Outer Rim	0.1	300	88.4	600	60	5	TUNDRA	TERMINIDS	Blizzards, Low Visibility	300
4	Verdania	Green Zone	1	55.3	-10	800	800	20	DESERT	FEDERATION	None	55.3
5	Toxara	Beta Sector	0.55	-200	-155.5	900	495	10	URBAN	ILLUMINATE	Toxic Gas, Acid Rain	-200
6	Aqueron	Delta Sector	0.05	410.8	330.1	500	25	3.5	TUNDRA	TERMINIDS	Storms, Tsunami Risk	410.8
7	Necrova	Dead Zone	0.22	-500	20	400	88	1.5	URBAN	AUTOMATONS	Radiation, Unstable Terrain	-500
8	Miravex	Alpha Sector	0.67	75	200	850	569.5	12	DESERT	FEDERATION	Sandstorms	75
9	Helios II	Alpha Sector	0.82	120.5	-340.2	1000	820	15.5	DESERT	ILLUMINATE	None	120.5
10	Oshane	Delta Sector	0.85	140.9	-123.8	999	820	15.5	TUNDRA	FEDERATION	None	120.5
\.
COPY public.ship_upgrade (upgrade_id, module_name, tier, description, effect_json, common_samples, rare_samples, super_samples, parent_upgrade_id) FROM stdin;
1	Patriot Exosuit	1	Deploy a mech suit	{"uses":1}	20	0	0	\N
2	Patriot Exosuit MK2	2	Improved mech suit	{"uses":2}	40	10	0	1
3	Patriot Exosuit MK3	3	Elite mech suit	{"uses":3}	60	20	5	2
4	Orbital Precision Module	1	Faster orbital strike cooldown	{"cooldown":-10}	20	0	0	\N
5	Orbital Precision MK2	2	Even faster orbital cooldown	{"cooldown":-20}	40	10	0	4
6	Orbital Precision MK3	3	Maximum orbital efficiency	{"cooldown":-30}	60	20	5	5
7	Eagle Speed Upgrade	1	Reduces Eagle rearm time	{"rearm":-15}	20	0	0	\N
8	Eagle Speed MK2	2	Further reduces Eagle rearm	{"rearm":-25}	40	10	0	7
9	Eagle Speed MK3	3	Minimum Eagle rearm time	{"rearm":-40}	80	30	10	8
10	Resupply Expansion	1	Extra resupply per mission	{"resupply":+1}	25	5	0	\N
\.
COPY public.stratagem (stratagem_id, name, category, input_sequence, uses_per_mission, cooldown_seconds, activation_time, damage, radius, req_cost, unlock_level, backpack_slot, image_url) FROM stdin;
1	Eagle Airstrike	AIRSTRIKE	UUDD	3	120	3	800	15	500	5	f	https://helldivers.wiki.gg/images/Eagle_Airstrike_Stratagem_Icon.svg?c5e1e8
2	Orbital Railcannon	ORBITAL	RRUU	2	180	2	1200	20	700	10	f	https://helldivers.wiki.gg/images/Orbital_Precision_Strike_Stratagem_Icon.svg?f7747f
3	Recoilless Rifle	SUPPORT	DDUU	0	60	2	0	0	300	3	t	https://helldivers.wiki.gg/images/Recoilless_Rifle_Stratagem_Icon.svg?270863
4	Shield Generator Relay	SUPPORT	LLRR	1	240	4	0	10	400	7	t	https://helldivers.wiki.gg/images/Recoilless_Rifle_Stratagem_Icon.svg?270863
5	Eagle Cluster Bomb	AIRSTRIKE	UUDU	4	90	3	600	12	450	4	f	https://helldivers.wiki.gg/images/Recoilless_Rifle_Stratagem_Icon.svg?270863
6	Orbital Laser	ORBITAL	RRDD	1	300	2	2000	30	900	15	f	https://helldivers.wiki.gg/images/Grenadier_Battlement_Stratagem_Icon.svg?64eda4
7	Resupply	SUPPORT	UUUU	0	45	1	0	0	200	1	t	https://helldivers.wiki.gg/images/Grenadier_Battlement_Stratagem_Icon.svg?64eda4
8	Anti-Personnel Minefield	SUPPORT	DDDD	2	200	3	0	8	350	6	t	https://helldivers.wiki.gg/images/Grenadier_Battlement_Stratagem_Icon.svg?64eda4
9	Eagle Napalm	AIRSTRIKE	UDUD	2	150	3	900	18	600	8	f	https://helldivers.wiki.gg/images/Grenadier_Battlement_Stratagem_Icon.svg?64eda4
10	Orbital Precision Strike	ORBITAL	LRLU	1	360	2	2500	35	1000	20	f	https://helldivers.wiki.gg/images/Grenadier_Battlement_Stratagem_Icon.svg?64eda4
11	A/FLAM-40 Flame Sentry	SENTRY	DDUL	\N	100	5	\N	\N	0	0	f	https://helldivers.wiki.gg/images/Flame_Sentry_Stratagem_Icon.svg?97ca77
\.
COPY public.weapon (weapon_id, name, damage, " fire_rate", mag_size, max_ammo, recoil, penetration_level, unlock_level, req_cost, image_url, weapon_type, super_credits_cost, fire_rate) FROM stdin;
1	AR-23 Liberator	85	600	30	120	12	2	1	0	\N	PRIMARY	\N	\N
2	BR-14 Adjudicator	120	300	10	40	25	4	5	150	\N	PRIMARY	\N	\N
3	SMG-37 Defender	45	900	50	200	8	1	3	80	\N	PRIMARY	\N	\N
4	R-63 Diligence	200	150	8	24	40	5	10	300	\N	PRIMARY	\N	\N
5	P-4 Senator	60	450	20	80	15	2	2	50	\N	SECONDARY	\N	\N
6	P-19 Redeemer	90	200	6	18	20	3	4	100	\N	SECONDARY	\N	\N
7	GP-31 Grenade Pistol	150	1	1	4	5	3	6	200	\N	SECONDARY	\N	\N
8	MG-43 Machine Gun	500	60	5	15	60	6	15	500	\N	SUPPORT	\N	\N
9	G-12 High Explosive	300	1	1	3	10	5	8	250	\N	GRENADE	\N	\N
10	G-6 Frag	250	1	1	5	8	4	6	180	\N	GRENADE	\N	\N
\.
COPY public.armor (armor_id, name, armor_slot, armor_rating, speed, stamina_regen, passive_id, req_cost, super_credits_cost, image_url) FROM stdin;
1	B-01 Tactical	BODY	100	75	80	1	200	150	\N
2	CE-07 Demolition	HEAD	80	85	90	2	150	100	\N
3	SC-34 Infiltrator	CAPE	20	95	95	3	100	75	\N
4	FS-38 Siege	BODY	130	60	70	4	300	200	\N
5	EX-00 Prototype	HEAD	90	80	85	5	175	125	\N
6	CM-21 Trench	CAPE	25	90	92	6	120	80	\N
7	SA-25 Steel Trooper	BODY	150	50	60	7	400	300	\N
8	CE-35 Trench Engineer	HEAD	70	90	95	8	130	90	\N
9	CW-4 Guardian	CAPE	15	98	99	9	80	60	\N
10	DP-40 Hero	BODY	120	65	75	10	250	180	\N
11	B-03 Tac	BODY	50	100	100	1	200	\N	\N
\.
COPY public.account (account_id, platform_type, psn_steam_id, email, region, is_banned, ban_reason, created_at, last_login, password, encrypted_password, platform_id) FROM stdin;
16	XBOX	\N	helldiver1@superearth.com	EU	f	\N	2026-03-11 18:54:08.945496+00	2026-03-11 18:54:08.945496+00	$2a$10$ZElHgedWnvGHVLJV5kuNtO7QQFdEIp7EJO47ljFF.EpLnW5GfbBKu	\N	\N
17	STEAM	\N	helldiver2@superearth.com	NA	f	\N	2026-03-11 18:54:08.945496+00	2026-03-11 18:54:08.945496+00	$2a$10$ZElHgedWnvGHVLJV5kuNtO7QQFdEIp7EJO47ljFF.EpLnW5GfbBKu	\N	\N
18	PSN	\N	helldiver3@superearth.com	EU	f	\N	2026-03-11 18:54:08.945496+00	2026-03-11 18:54:08.945496+00	$2a$10$ZElHgedWnvGHVLJV5kuNtO7QQFdEIp7EJO47ljFF.EpLnW5GfbBKu	\N	\N
19	STEAM	\N	viper@superearth.com	EU	f	\N	2026-03-15 15:18:42.885578+00	2026-03-15 15:18:42.885578+00	$2a$10$ZElHgedWnvGHVLJV5kuNtO7QQFdEIp7EJO47ljFF.EpLnW5GfbBKu	\N	\N
20	PSN	\N	shadow@superearth.com	NA	f	\N	2026-03-15 15:18:42.885578+00	2026-03-15 15:18:42.885578+00	$2a$10$ZElHgedWnvGHVLJV5kuNtO7QQFdEIp7EJO47ljFF.EpLnW5GfbBKu	\N	\N
21	XBOX	\N	blaze@superearth.com	AS	f	\N	2026-03-15 15:18:42.885578+00	2026-03-15 15:18:42.885578+00	$2a$10$ZElHgedWnvGHVLJV5kuNtO7QQFdEIp7EJO47ljFF.EpLnW5GfbBKu	\N	\N
22	STEAM	\N	nova@superearth.com	EU	f	\N	2026-03-15 15:18:42.885578+00	2026-03-15 15:18:42.885578+00	$2a$10$ZElHgedWnvGHVLJV5kuNtO7QQFdEIp7EJO47ljFF.EpLnW5GfbBKu	\N	\N
23	PSN	\N	rex@superearth.com	NA	t	Friendly fire abuse	2026-03-15 15:18:42.885578+00	2026-03-15 15:18:42.885578+00	$2a$10$ZElHgedWnvGHVLJV5kuNtO7QQFdEIp7EJO47ljFF.EpLnW5GfbBKu	\N	\N
24	EPIC	\N	frost@superearth.com	EU	f	\N	2026-03-15 15:18:42.885578+00	2026-03-15 15:18:42.885578+00	$2a$10$ZElHgedWnvGHVLJV5kuNtO7QQFdEIp7EJO47ljFF.EpLnW5GfbBKu	\N	\N
25	STEAM	\N	titan@superearth.com	SA	f	\N	2026-03-15 15:18:42.885578+00	2026-03-15 15:18:42.885578+00	$2a$10$ZElHgedWnvGHVLJV5kuNtO7QQFdEIp7EJO47ljFF.EpLnW5GfbBKu	\N	\N
26	PSN	\N	lynx@superearth.com	EU	f	\N	2026-03-15 15:18:42.885578+00	2026-03-15 15:18:42.885578+00	$2a$10$ZElHgedWnvGHVLJV5kuNtO7QQFdEIp7EJO47ljFF.EpLnW5GfbBKu	\N	\N
27	XBOX	\N	hawk@superearth.com	NA	f	\N	2026-03-15 15:18:42.885578+00	2026-03-15 15:18:42.885578+00	$2a$10$ZElHgedWnvGHVLJV5kuNtO7QQFdEIp7EJO47ljFF.EpLnW5GfbBKu	\N	\N
28	STEAM	\N	zeus@superearth.com	AS	f	\N	2026-03-15 15:18:42.885578+00	2026-03-15 15:18:42.885578+00	$2a$10$ZElHgedWnvGHVLJV5kuNtO7QQFdEIp7EJO47ljFF.EpLnW5GfbBKu	\N	\N
29	STEAM	\N	adri@superearth.com	NA	f	\N	2026-03-16 10:00:00+00	2026-03-16 10:00:00+00	\N	$2a$10$MBZn96XoPlOEFcIdMcgf3eZ6Pal8KWpNgtilnBBlZGLwLaVkE6FNq	\N
\.
COPY public.account_role (account_id, role_id, id) FROM stdin;
16	1	1
17	1	2
18	1	3
20	2	4
21	2	5
22	2	6
23	2	7
24	2	8
25	2	9
26	2	10
27	2	11
28	2	12
19	2	13
29	1	14
\.
COPY public.helldiver (helldiver_id, account_id, callsign, level, xp_total, kills_total, deaths_total, super_credits, created_at, medals, missions_completed, samples_tier_1_collected, samples_tier_2_collected, samples_tier_3_collected, requisition_slips) FROM stdin;
10	16	IronEagle	42	125000	3200	87	8500	2026-03-11 18:56:08.972584+00	230	145	34	120	100	500
11	17	GhostDiver	28	64000	1800	134	4200	2026-03-11 18:56:08.972584+00	95	89	210	88	50	300
12	18	SteelPatriot	55	280000	7800	45	120	2026-03-11 18:56:08.972584+00	15000	312	344	108	21	1200
13	19	Viper	35	98000	2500	60	7000	2026-03-15 15:21:03.581182+00	180	110	80	60	30	450
14	20	Shadow	22	45000	1200	200	3000	2026-03-15 15:21:03.581182+00	70	55	40	20	10	150
15	21	Blaze	48	210000	6000	30	15000	2026-03-15 15:21:03.581182+00	400	280	150	130	90	900
16	22	Nova	15	18000	500	300	1000	2026-03-15 15:21:03.581182+00	25	20	10	5	0	50
17	23	Rex	60	350000	9500	20	25000	2026-03-15 15:21:03.581182+00	800	400	200	180	120	2000
18	24	Frost	30	72000	1800	90	5500	2026-03-15 15:21:03.581182+00	130	95	70	50	20	600
19	25	Titan	50	240000	7200	40	18000	2026-03-15 15:21:03.581182+00	500	320	180	150	100	1100
20	26	Lynx	18	28000	700	180	2000	2026-03-15 15:21:03.581182+00	45	35	20	10	5	100
21	27	Hawk	42	130000	3800	75	9000	2026-03-15 15:21:03.581182+00	250	160	100	80	50	700
22	28	Zeus	55	290000	8100	35	22000	2026-03-15 15:21:03.581182+00	650	350	190	160	110	1800
\.
INSERT INTO public.helldiver (account_id, callsign, level, xp_total, kills_total, deaths_total, super_credits, created_at, medals, missions_completed, samples_tier_1_collected, samples_tier_2_collected, samples_tier_3_collected)
VALUES
    (29, 'Adri', 1, 0, 0, 0, 500, NOW(), 0, 0, 0, 0, 0);
COPY public.helldiver_ship_upgrade (helldiver_id, upgrade_id, unlocked_at, helldiver_ship_upgrade_id) FROM stdin;
10	1	2026-02-14 15:25:03.721829	1
10	2	2026-02-24 15:25:03.721829	2
11	1	2026-02-19 15:25:03.721829	3
12	1	2026-03-01 15:25:03.721829	4
12	4	2026-03-06 15:25:03.721829	5
13	1	2026-03-04 15:25:03.721829	6
13	2	2026-03-08 15:25:03.721829	7
13	3	2026-03-13 15:25:03.721829	8
14	4	2026-02-24 15:25:03.721829	9
15	7	2026-03-11 15:25:03.721829	10
\.
COPY public.loadout (loadout_id, helldiver_id, name, primary_weapon_id, secondary_weapon_id, grenade_id, armor_body_id, armor_head_id, armor_cape_id, is_active) FROM stdin;
1	10	Assault Build                                                                                                                                              	1	5	9	1	2	3	t
2	11	Stealth Build                                                                                                                                              	2	6	10	4	5	6	t
3	12	Heavy Build                                                                                                                                                	3	7	9	7	8	9	t
4	13	Sniper Build                                                                                                                                               	4	5	10	10	2	3	t
5	14	Balanced Build                                                                                                                                             	1	6	9	1	5	6	t
6	15	Support Build                                                                                                                                              	2	7	10	4	8	9	t
7	16	Rusher Build                                                                                                                                               	3	5	9	7	2	3	t
8	17	Tank Build                                                                                                                                                 	4	6	10	10	5	6	t
9	18	Medic Build                                                                                                                                                	1	7	9	1	8	9	t
10	19	Demo Build                                                                                                                                                 	2	5	10	4	2	3	t
\.
COPY public.loadout_stratagem (loadout_strat_id, loadout_id, stratagem_id, slot_position) FROM stdin;
81	1	1	1
82	1	2	2
83	1	3	3
84	1	4	4
85	2	5	1
86	2	6	2
87	2	7	3
88	2	8	4
89	3	1	1
90	3	5	2
91	3	9	3
92	3	10	4
93	4	2	1
94	4	6	2
95	4	3	3
96	4	7	4
97	5	3	1
98	5	7	2
99	5	1	3
100	5	5	4
101	6	4	1
102	6	8	2
103	6	2	3
104	6	6	4
105	7	9	1
106	7	1	2
107	7	5	3
108	7	3	4
109	8	10	1
110	8	2	2
111	8	6	3
112	8	4	4
113	9	1	1
114	9	3	2
115	9	7	3
116	9	9	4
117	10	2	1
118	10	4	2
119	10	8	3
120	10	10	4
\.
COPY public.squad (squad_id, session_id, lobby_code, max_players, created_at, lobby_type) FROM stdin;
1	sess_001	AAAA	4	2026-03-15 15:21:17.539091+00	public_lobby
2	sess_002	BBBB	4	2026-03-15 15:21:17.539091+00	friends_only
3	sess_003	CCCC	4	2026-03-15 15:21:17.539091+00	invitation_only
4	sess_004	DDDD	4	2026-03-15 15:21:17.539091+00	public_lobby
5	sess_005	EEEE	4	2026-03-15 15:21:17.539091+00	friends_only
6	sess_006	FFFF	4	2026-03-15 15:21:17.539091+00	public_lobby
7	sess_007	GGGG	4	2026-03-15 15:21:17.539091+00	invitation_only
8	sess_008	HHHH	4	2026-03-15 15:21:17.539091+00	public_lobby
9	sess_009	IIII	4	2026-03-15 15:21:17.539091+00	friends_only
10	sess_010	JJJJ	4	2026-03-15 15:21:17.539091+00	public_lobby
\.
COPY public.squad_member (squad_member_id, squad_id, helldivers_id, is_host, joined_at, slot_number, squad_member) FROM stdin;
1	1	13	t	2026-03-15 15:21:22.531187+00	1	1
2	1	14	f	2026-03-15 15:21:22.531187+00	2	2
3	2	15	t	2026-03-15 15:21:22.531187+00	1	3
4	2	16	f	2026-03-15 15:21:22.531187+00	2	4
5	3	17	t	2026-03-15 15:21:22.531187+00	1	5
6	3	18	f	2026-03-15 15:21:22.531187+00	2	6
7	4	19	t	2026-03-15 15:21:22.531187+00	1	7
8	4	20	f	2026-03-15 15:21:22.531187+00	2	8
9	5	21	t	2026-03-15 15:21:22.531187+00	1	9
10	5	22	f	2026-03-15 15:21:22.531187+00	2	10
\.
COPY public.mission (mission_id, planet_id, squad_id, mission_type, difficulty, enemy_faction, started_at, ended_at, mission_result, samples_tier_1_found, samples_tier_2_found, samples_tier_3_found, xp_earned, medals_earned, mission_stats_saved) FROM stdin;
1	1	1	CIVILIANS	3	TERMINIDS	2026-03-15 13:22:54.204686+00	\N	\N	5	3	1	800	10	f
2	2	2	ISMC	5	AUTOMATONS	2026-03-15 11:22:54.204686+00	\N	\N	2	1	0	200	2	f
3	3	3	CIVILIANS	4	TERMINIDS	2026-03-15 09:22:54.204686+00	\N	\N	8	4	2	1200	15	f
4	4	4	ISMC	7	ILLUMINATE	2026-03-15 07:22:54.204686+00	\N	\N	6	5	3	1800	20	f
5	5	5	CIVILIANS	2	TERMINIDS	2026-03-15 05:22:54.204686+00	\N	\N	1	0	0	100	1	f
6	6	6	ISMC	6	AUTOMATONS	2026-03-15 03:22:54.204686+00	\N	\N	7	4	2	1500	18	f
7	7	7	CIVILIANS	8	TERMINIDS	2026-03-15 01:22:54.204686+00	\N	\N	9	6	4	2200	25	f
8	8	8	ISMC	3	ILLUMINATE	2026-03-14 23:22:54.204686+00	\N	\N	3	1	0	300	3	f
9	9	9	CIVILIANS	5	TERMINIDS	2026-03-14 21:22:54.204686+00	\N	\N	6	3	1	1000	12	f
10	10	10	ISMC	9	AUTOMATONS	2026-03-14 19:22:54.204686+00	\N	\N	10	7	5	2800	30	f
\.
COPY public.mission_stats (stat_id, mission_id, helldiver_id, kills, deaths, friendly_kills, shots_fired, accuracy_pct, stratagems_used, distance_travelled, objectives_done) FROM stdin;
1	1	13	120	2	0	400	78.5	5	1200	3
2	2	14	45	8	1	280	52.3	3	800	1
3	3	15	200	1	0	600	85	8	2000	4
4	4	16	310	0	0	850	91.2	10	2500	5
5	5	17	30	12	2	150	40	2	500	1
6	6	18	180	3	1	520	80.5	7	1800	4
7	7	19	420	0	0	1100	95	12	3000	6
8	8	20	60	7	0	300	58	4	900	2
9	9	21	150	4	1	480	75.3	6	1500	3
10	10	22	380	1	0	950	88.7	11	2800	5
\.
COPY public.objective (objective_id, name, description, is_primary, mission_id, completed, completed_at, objective_type) FROM stdin;
1	Evacuate civilians	Extract 10 civilians from the zone	t	1	t	2026-03-15 14:28:18.365086+00	DEFEND
2	Destroy radar	Eliminate the automaton radar tower	t	2	f	\N	ATTACK
3	Hold the perimeter	Defend base for 15 minutes	t	3	t	2026-03-15 10:28:18.365086+00	DEFEND
4	Secure samples	Recover all tier 3 samples	f	4	t	2026-03-15 08:28:18.365086+00	MINING
5	Eliminate hive	Destroy the bug hive	t	5	f	\N	ATTACK
6	Sabotage factory	Plant explosives in the factory	t	6	t	2026-03-15 04:28:18.365086+00	SABOTAGE
7	Rescue helldiver	Extract the captured helldiver	t	7	t	2026-03-15 02:28:18.365086+00	RESCUE
8	Scan outpost	Scan all enemy outpost terminals	f	8	f	\N	RECON
9	Protect transport	Escort the transport to extraction	t	9	t	2026-03-14 22:28:18.365086+00	COMANDO
10	Neutralize commander	Eliminate the enemy field commander	t	10	t	2026-03-14 20:28:18.365086+00	COMANDO
\.
COPY public.stratagem_entity (entity_id, stratagem_id, entity_name, main_health, main_armor, main_armor_level, horizontal_turn_speed, vertical_turn_speed, vertical_limit_min, vertical_limit_max, lifetime_secs, mags_from_supply, mags_from_ammo_box, max_rounds, starting_rounds, fire_rate_rpm, recoil, horizontal_recoil, vertical_recoil, spread_horizontal, spread_vertical, sway, ergonomics, capacity) FROM stdin;
3	11	A/FLAM-40 Flame Sentry	200	Light	\N	\N	\N	\N	\N	\N	\N	\N	\N	\N	\N	\N	\N	\N	\N	\N	\N	\N	\N
\.
COPY public.stratagem_attack (attack_id, stratagem_id, attack_name, attack_type, sort_order, damage_element, damage_standard, damage_standard_type, damage_vs_durable, damage_vs_durable_type, inner_radius_m, outer_radius_m, shockwave_radius_m, inner_damage, inner_damage_type, inner_durable, inner_durable_type, outer_damage, outer_durable, aoe_penetration_level, aoe_penetration_name, penetration_direct, penetration_direct_name, penetration_slight_angle, penetration_slight_name, penetration_large_angle, penetration_large_name, penetration_extreme_angle, penetration_extreme_name, projectile_name, caliber, mass_grams, initial_velocity_ms, drag_factor_pct, gravity_factor_pct, penetration_slowdown_pct, demolition_force, stagger_force, push_force) FROM stdin;
1	11	Flame Sentry Stream	stream	1	Fire	150	Fire	150	Fire	\N	\N	\N	\N	\N	\N	\N	\N	\N	\N	\N	4	Heavy	4	Heavy	4	Heavy	4	Heavy	\N	\N	\N	\N	\N	\N	\N	10	5	5
3	11	Flame Sentry Death Explosion	explosion	2	Fire	\N	\N	\N	\N	0.4	4	8	400	Fire	400	Fire	399	399	3	Medium	\N	\N	\N	\N	\N	\N	\N	\N	\N	\N	\N	\N	\N	\N	\N	30	20	40
5	11	DPS Fire	dps	3	Fire	100	Fire	100	Fire	\N	\N	\N	\N	\N	\N	\N	\N	\N	\N	\N	4	Heavy	4	Heavy	4	Heavy	0	Unarmored I	\N	\N	\N	\N	\N	\N	\N	0	0	0
\.
COPY public.stratagem_attack_status (status_id, attack_id, sort_order, status_name, status_strength, status_duration_sec) FROM stdin;
3	1	1	Fire	2	\N
4	3	1	Fire	20	\N
\.
SELECT pg_catalog.setval('public.account_account_id_seq', 29, true);
SELECT pg_catalog.setval('public.account_role_id_seq', 14, true);
SELECT pg_catalog.setval('public.armor_armor_id_seq', 11, true);
SELECT pg_catalog.setval('public.helldiver_helldiver_id_seq', 23, true);
SELECT pg_catalog.setval('public.helldiver_ship_upgrade_id_seq', 10, true);
SELECT pg_catalog.setval('public.loadout_id_loadout_id_id_seq', 10, true);
SELECT pg_catalog.setval('public.loadout_strat_id_seq', 120, true);
SELECT pg_catalog.setval('public.mission_mission_id_seq', 10, true);
SELECT pg_catalog.setval('public.mission_stats_stat_id_seq', 10, true);
SELECT pg_catalog.setval('public.objective_objective_id_seq', 10, true);
SELECT pg_catalog.setval('public.passive_id_passive_id_id_seq', 10, true);
SELECT pg_catalog.setval('public.planet_planet_id_seq', 10, true);
SELECT pg_catalog.setval('public.role_role_id_seq', 3, true);
SELECT pg_catalog.setval('public.squad_member_squad_member_id_seq', 10, true);
SELECT pg_catalog.setval('public.squad_squad_id_seq', 10, true);
SELECT pg_catalog.setval('public.stratagem_attack_attack_id_seq', 5, true);
SELECT pg_catalog.setval('public.stratagem_attack_status_status_id_seq', 4, true);
SELECT pg_catalog.setval('public.stratagem_changelog_changelog_id_seq', 1, false);
SELECT pg_catalog.setval('public.stratagem_entity_entity_id_seq', 3, true);
SELECT pg_catalog.setval('public.stratagem_id_stratagem_id_seq', 11, true);
SELECT pg_catalog.setval('public.upgrade_id_seq', 10, true);
SELECT pg_catalog.setval('public.weapon_weapon_id_seq', 10, true);
ALTER TABLE ONLY public.account_role ADD CONSTRAINT account_role_account_id_fkey FOREIGN KEY (account_id) REFERENCES public.account(account_id);
ALTER TABLE ONLY public.account_role ADD CONSTRAINT account_role_role_id_fkey FOREIGN KEY (role_id) REFERENCES public.role(role_id);
ALTER TABLE ONLY public.armor ADD CONSTRAINT "Passive id" FOREIGN KEY (passive_id) REFERENCES public.passive_bonus(passive_id) NOT VALID;
ALTER TABLE ONLY public.helldiver ADD CONSTRAINT "helldiver account" FOREIGN KEY (account_id) REFERENCES public.account(account_id) NOT VALID;
ALTER TABLE ONLY public.helldiver_ship_upgrade ADD CONSTRAINT helldiver_ship_upgrade_helldiver_id_fkey FOREIGN KEY (helldiver_id) REFERENCES public.helldiver(helldiver_id);
ALTER TABLE ONLY public.helldiver_ship_upgrade ADD CONSTRAINT helldiver_ship_upgrade_upgrade_id_fkey FOREIGN KEY (upgrade_id) REFERENCES public.ship_upgrade(upgrade_id);
ALTER TABLE ONLY public.loadout ADD CONSTRAINT "Armor body id" FOREIGN KEY (armor_body_id) REFERENCES public.armor(armor_id) NOT VALID;
ALTER TABLE ONLY public.loadout ADD CONSTRAINT "Armor head id" FOREIGN KEY (armor_head_id) REFERENCES public.armor(armor_id) NOT VALID;
ALTER TABLE ONLY public.loadout ADD CONSTRAINT "Cape id" FOREIGN KEY (armor_cape_id) REFERENCES public.armor(armor_id) NOT VALID;
ALTER TABLE ONLY public.loadout ADD CONSTRAINT "Grenade id" FOREIGN KEY (grenade_id) REFERENCES public.weapon(weapon_id) NOT VALID;
ALTER TABLE ONLY public.loadout ADD CONSTRAINT "Helldiver id" FOREIGN KEY (helldiver_id) REFERENCES public.helldiver(helldiver_id) NOT VALID;
ALTER TABLE ONLY public.loadout ADD CONSTRAINT "Primary weapon Id" FOREIGN KEY (primary_weapon_id) REFERENCES public.weapon(weapon_id) NOT VALID;
ALTER TABLE ONLY public.loadout ADD CONSTRAINT "Secondary weapon id" FOREIGN KEY (secondary_weapon_id) REFERENCES public.weapon(weapon_id) NOT VALID;
ALTER TABLE ONLY public.loadout_stratagem ADD CONSTRAINT "Loadout id" FOREIGN KEY (loadout_id) REFERENCES public.loadout(loadout_id);
ALTER TABLE ONLY public.loadout_stratagem ADD CONSTRAINT "Strategem id" FOREIGN KEY (stratagem_id) REFERENCES public.stratagem(stratagem_id);
ALTER TABLE ONLY public.mission ADD CONSTRAINT "Planet id" FOREIGN KEY (planet_id) REFERENCES public.planet(planet_id) NOT VALID;
ALTER TABLE ONLY public.mission ADD CONSTRAINT "Squad id" FOREIGN KEY (squad_id) REFERENCES public.squad(squad_id) NOT VALID;
ALTER TABLE ONLY public.mission_stats ADD CONSTRAINT "Helldiver id" FOREIGN KEY (helldiver_id) REFERENCES public.helldiver(helldiver_id) NOT VALID;
ALTER TABLE ONLY public.mission_stats ADD CONSTRAINT "Mission id" FOREIGN KEY (mission_id) REFERENCES public.mission(mission_id) NOT VALID;
ALTER TABLE ONLY public.objective ADD CONSTRAINT "Mission id" FOREIGN KEY (mission_id) REFERENCES public.mission(mission_id) NOT VALID;
ALTER TABLE ONLY public.ship_upgrade ADD CONSTRAINT "Parent upgrade id" FOREIGN KEY (parent_upgrade_id) REFERENCES public.ship_upgrade(upgrade_id) NOT VALID;
ALTER TABLE ONLY public.squad_member ADD CONSTRAINT "Helldivers Id" FOREIGN KEY (helldivers_id) REFERENCES public.helldiver(helldiver_id);
ALTER TABLE ONLY public.squad_member ADD CONSTRAINT "Squad Id" FOREIGN KEY (squad_id) REFERENCES public.squad(squad_id);
ALTER TABLE ONLY public.stratagem_attack ADD CONSTRAINT fk_sattack_stratagem FOREIGN KEY (stratagem_id) REFERENCES public.stratagem(stratagem_id);
ALTER TABLE ONLY public.stratagem_attack_status ADD CONSTRAINT fk_sstatus_attack FOREIGN KEY (attack_id) REFERENCES public.stratagem_attack(attack_id);
ALTER TABLE ONLY public.stratagem_changelog ADD CONSTRAINT fk_schange_stratagem FOREIGN KEY (stratagem_id) REFERENCES public.stratagem(stratagem_id);
ALTER TABLE ONLY public.stratagem_entity ADD CONSTRAINT fk_sentity_stratagem FOREIGN KEY (stratagem_id) REFERENCES public.stratagem(stratagem_id);
ALTER TABLE ONLY public.stratagem_ship_module ADD CONSTRAINT fk_ssm_stratagem FOREIGN KEY (stratagem_id) REFERENCES public.stratagem(stratagem_id);
ALTER TABLE ONLY public.stratagem_ship_module ADD CONSTRAINT fk_ssm_upgrade FOREIGN KEY (upgrade_id) REFERENCES public.ship_upgrade(upgrade_id);
CREATE TABLE public.super_credit_pickup (
    pickup_id integer NOT NULL,
    mission_id integer NOT NULL,
    amount integer NOT NULL,
    collected boolean NOT NULL DEFAULT false,
    collected_by_helldiver_id integer,
    collected_at timestamp with time zone
);
ALTER TABLE public.super_credit_pickup ALTER COLUMN pickup_id ADD GENERATED ALWAYS AS IDENTITY (
    SEQUENCE NAME public.super_credit_pickup_pickup_id_seq START WITH 1 INCREMENT BY 1 NO MINVALUE NO MAXVALUE CACHE 1
);
ALTER TABLE ONLY public.super_credit_pickup ADD CONSTRAINT super_credit_pickup_pkey PRIMARY KEY (pickup_id);
ALTER TABLE ONLY public.super_credit_pickup ADD CONSTRAINT super_credit_pickup_mission_id_fkey FOREIGN KEY (mission_id) REFERENCES public.mission(mission_id);
ALTER TABLE ONLY public.super_credit_pickup ADD CONSTRAINT super_credit_pickup_helldiver_id_fkey FOREIGN KEY (collected_by_helldiver_id) REFERENCES public.helldiver(helldiver_id) NOT VALID;
COPY public.super_credit_pickup (pickup_id, mission_id, amount, collected, collected_by_helldiver_id, collected_at) FROM stdin;
1	1	10	f	\N	\N
2	1	100	f	\N	\N
3	1	10	f	\N	\N
4	2	10	f	\N	\N
5	2	100	f	\N	\N
6	3	10	f	\N	\N
7	3	10	f	\N	\N
8	4	100	f	\N	\N
9	5	10	f	\N	\N
10	5	10	f	\N	\N
\.
SELECT pg_catalog.setval('public.super_credit_pickup_pickup_id_seq', 10, true);
INSERT INTO public.weapon (name, damage, mag_size, max_ammo, recoil, penetration_level, unlock_level, req_cost, image_url, weapon_type, super_credits_cost, fire_rate, horizontal_recoil, vertical_recoil, spread_horizontal, spread_vertical, sway, ergonomics, spare_magazines, starting_magazines, mags_from_supply, mags_from_ammo_box)
VALUES ('AR-59 Suppressor', NULL, 45, NULL, 13.25, NULL, NULL, NULL, NULL, 'PRIMARY', NULL, 850, 6.5, 20, 2.0, 2.0, 1, 60, 8, 6, 8, 4);
SELECT pg_catalog.setval('public.weapon_weapon_id_seq', 11, true);
COPY public.ammo (name, caliber, mass_grams, initial_velocity_ms, drag_factor_pct, gravity_factor_pct, penetration_slowdown_pct, damage_standard, damage_standard_type, damage_durable, damage_durable_type, penetration_direct, penetration_direct_name, penetration_slight_angle, penetration_slight_name, penetration_large_angle, penetration_large_name, penetration_extreme_angle, penetration_extreme_name, demolition_force, stagger_force, push_force) FROM stdin;
5.5x50mm SUBSONIC P	5.5mm	4.5	330	30	120	25	80	Ballistic	20	Ballistic	2	Light	2	Light	2	Light	0	Unarmored I	10	10	10
5.5x50mm Full Metal Jacket P	5.5mm	4.5	900	30	100	25	90	Ballistic	22	Ballistic	2	Light	2	Light	2	Light	0	Unarmored I	10	15	10
8x60mm Full Metal Jacket P	8mm	11	820	30	100	25	95	Ballistic	23	Ballistic	3	Medium	3	Medium	3	Medium	1	Unarmored II	10	15	12
12x25mm Full Metal Jacket P2	12mm	15	285	120	100	25	110	Ballistic	22	Ballistic	2	Light	2	Light	2	Light	0	Unarmored I	10	10	5
9x70mm Full Metal Jacket P	9mm	20	850	30	100	25	165	Ballistic	45	Ballistic	2	Light	2	Light	2	Light	0	Unarmored I	10	15	14
13x40mm Full Metal Jacket P	12mm	15	550	120	100	25	225	Ballistic	75	Ballistic	4	Heavy	4	Heavy	4	Heavy	0	Unarmored I	10	20	10
9x20mm Full Metal Jacket P1	9mm	7	375	120	100	25	70	Ballistic	12	Ballistic	2	Light	2	Light	2	Light	0	Unarmored I	10	10	4
40mm Grenade	40mm	50	100	120	100	25	250	Ballistic	\N	\N	3	Medium	3	Medium	3	Medium	0	Unarmored I	30	40	10
8x60mm Full Metal Jacket P1	8mm	11	820	30	100	25	90	Ballistic	23	Ballistic	3	Medium	3	Medium	3	Medium	1	Unarmored II	10	20	12
G-12 Explosive Payload	\N	\N	\N	\N	\N	\N	800	Explosion	\N	\N	4	Heavy	4	Heavy	4	Heavy	0	Unarmored I	30	30	40
G-6 Frag Shrapnel	10mm	100	30	40	100	25	110	Ballistic	35	Ballistic	3	Medium	3	Medium	2	Light	0	Unarmored I	10	10	20
\.
SELECT pg_catalog.setval('public.ammo_ammo_id_seq', 11, true);
COPY public.weapon_ammo (weapon_id, ammo_id) FROM stdin;
1	2
2	3
3	4
4	5
5	6
6	7
7	8
8	9
9	10
10	11
11	1
\.
COPY public.attachment (name, category) FROM stdin;
Reflex Sight Mk2	OPTICS
Reflex Sight	OPTICS
1.5x Tube Red Dot	OPTICS
Holographic Sight	OPTICS
Iron Sight	OPTICS
4x Combat Scope	OPTICS
Extended Magazine	MAGAZINE
Short Magazine	MAGAZINE
Drum Magazine	MAGAZINE
Laser Sight	UNDERBARREL
No Underbarrel	UNDERBARREL
Laser Sight W/ Flashlight	UNDERBARREL
Vertical Foregrip	UNDERBARREL
Angled Foregrip	UNDERBARREL
Flashlight Vertical Foregrip	UNDERBARREL
Laser Sight Angled Foregrip	UNDERBARREL
2x Tube Red Dot	OPTICS
10x Sniper Scope	OPTICS
Flash Hider	MUZZLE
Muzzle Brake	MUZZLE
Compensator	MUZZLE
\.
SELECT pg_catalog.setval('public.attachment_attachment_id_seq', 21, true);
COPY public.weapon_attachment (weapon_id, attachment_id, weapon_unlock_level, unlock_cost, effect) FROM stdin;
11	1	1	0	\N
11	2	4	5000	\N
11	3	8	5000	\N
11	4	9	13000	\N
11	5	18	5000	ERGONOMICS 5
11	6	21	13000	ERGONOMICS -2
11	7	1	0	\N
11	8	11	7000	ERGONOMICS 10, CAPACITY -15, RELOAD TIME -1, MAGAZINES 4
11	9	24	25000	ERGONOMICS -15, CAPACITY 15, RELOAD TIME 1, MAGAZINES -2
11	10	1	0	\N
11	11	1	0	\N
11	12	2	3000	ERGONOMICS -2
11	13	6	5000	ERGONOMICS -2, VERTICAL RECOIL -6
11	14	13	7000	ERGONOMICS 8, VERTICAL RECOIL 7
11	15	16	7000	ERGONOMICS -4, VERTICAL RECOIL -6
11	16	23	7000	ERGONOMICS 6, VERTICAL RECOIL 7
1	17	1	0	\N
1	2	4	5000	ERGONOMICS 1
1	4	8	7000	ERGONOMICS 1
1	1	11	7000	ERGONOMICS 1
1	5	18	7000	ERGONOMICS 6
1	6	21	25000	ERGONOMICS -1
1	7	1	0	\N
1	8	14	7000	ERGONOMICS 10, CAPACITY -15, RELOAD TIME -1, MAGAZINES 4
1	9	24	25000	ERGONOMICS -15, CAPACITY 15, RELOAD TIME 1, MAGAZINES -2
1	19	3	3000	ERGONOMICS -3, HORIZONTAL RECOIL 2, VERTICAL RECOIL 2
1	20	12	5000	ERGONOMICS -5, HORIZONTAL RECOIL 3
1	21	22	13000	ERGONOMICS -5
1	12	1	0	\N
1	11	1	0	ERGONOMICS 5
1	13	2	3000	VERTICAL RECOIL -5
1	14	6	5000	ERGONOMICS 10, VERTICAL RECOIL 5
1	15	16	5000	ERGONOMICS -2, VERTICAL RECOIL -5
1	16	23	7000	ERGONOMICS 8, VERTICAL RECOIL 5
2	20	1	0	ERGONOMICS 5, HORIZONTAL RECOIL -5
2	19	11	5000	ERGONOMICS 2, HORIZONTAL RECOIL -3, VERTICAL RECOIL -7
2	21	21	13000	HORIZONTAL RECOIL -5, VERTICAL RECOIL -18
2	17	1	0	\N
2	2	4	5000	ERGONOMICS 1
2	4	8	7000	ERGONOMICS 1
2	1	14	5000	ERGONOMICS 1
2	6	18	13000	ERGONOMICS -1
2	18	24	25000	ERGONOMICS -3
2	13	6	5000	ERGONOMICS -5, VERTICAL RECOIL -12
2	14	13	7000	ERGONOMICS 5, VERTICAL RECOIL 15
2	12	2	3000	ERGONOMICS -5
2	15	16	7000	ERGONOMICS -7, VERTICAL RECOIL -12
2	16	23	7000	ERGONOMICS 3, VERTICAL RECOIL 15
3	2	1	0	\N
3	3	4	5000	\N
3	1	8	7000	\N
3	4	19	13000	\N
3	17	23	25000	\N
3	7	1	0	\N
3	8	9	7000	ERGONOMICS 10, CAPACITY -10, RELOAD TIME -1, MAGAZINES 2
3	9	24	25000	ERGONOMICS -15, CAPACITY 30, RELOAD TIME 1, MAGAZINES -3
3	19	3	5000	ERGONOMICS -3, HORIZONTAL RECOIL 2
3	20	13	7000	ERGONOMICS -5, HORIZONTAL RECOIL 4
3	21	21	7000	ERGONOMICS -5, VERTICAL RECOIL 4
3	13	2	3000	VERTICAL RECOIL 3
3	14	7	5000	ERGONOMICS 10, VERTICAL RECOIL 3
3	15	17	7000	ERGONOMICS -2, VERTICAL RECOIL 3
3	16	22	7000	ERGONOMICS 8, VERTICAL RECOIL 3
4	19	2	5000	ERGONOMICS -3, HORIZONTAL RECOIL 4, VERTICAL RECOIL 6
4	20	11	7000	ERGONOMICS -5, HORIZONTAL RECOIL 8
4	21	21	13000	ERGONOMICS -5, VERTICAL RECOIL -15
4	6	1	0	\N
4	3	4	5000	ERGONOMICS 2
4	2	9	7000	ERGONOMICS 2
4	4	14	13000	ERGONOMICS 2
4	1	19	13000	ERGONOMICS 2
4	5	24	25000	ERGONOMICS 7
4	12	3	3000	ERGONOMICS -5
4	13	7	5000	ERGONOMICS -5, VERTICAL RECOIL -11
4	14	12	7000	ERGONOMICS 5, VERTICAL RECOIL 12
4	15	17	7000	ERGONOMICS -7, VERTICAL RECOIL -11
4	16	22	13000	ERGONOMICS 3, VERTICAL RECOIL 12
\.
ALTER TABLE ONLY public.weapon_ammo ADD CONSTRAINT weapon_ammo_weapon_fk FOREIGN KEY (weapon_id) REFERENCES public.weapon(weapon_id);
ALTER TABLE ONLY public.weapon_ammo ADD CONSTRAINT weapon_ammo_ammo_fk FOREIGN KEY (ammo_id) REFERENCES public.ammo(ammo_id);
ALTER TABLE ONLY public.weapon_attachment ADD CONSTRAINT weapon_attachment_weapon_fk FOREIGN KEY (weapon_id) REFERENCES public.weapon(weapon_id);
ALTER TABLE ONLY public.weapon_attachment ADD CONSTRAINT weapon_attachment_attachment_fk FOREIGN KEY (attachment_id) REFERENCES public.attachment(attachment_id);

-- Weapon stats (fire_rate, recoil, spread, etc.)
UPDATE public.weapon SET fire_rate=640, horizontal_recoil=4.2, vertical_recoil=8.3, spread_horizontal=1.1, spread_vertical=1.4, sway=0.8, ergonomics=72, spare_magazines=3, starting_magazines=4, mags_from_supply=2, mags_from_ammo_box=1 WHERE weapon_id=1;
UPDATE public.weapon SET fire_rate=280, horizontal_recoil=6.5, vertical_recoil=14.0, spread_horizontal=0.8, spread_vertical=1.0, sway=0.4, ergonomics=58, spare_magazines=2, starting_magazines=3, mags_from_supply=2, mags_from_ammo_box=1 WHERE weapon_id=2;
UPDATE public.weapon SET fire_rate=900, horizontal_recoil=3.0, vertical_recoil=5.5, spread_horizontal=1.5, spread_vertical=2.0, sway=1.2, ergonomics=80, spare_magazines=4, starting_magazines=5, mags_from_supply=3, mags_from_ammo_box=1 WHERE weapon_id=3;
UPDATE public.weapon SET fire_rate=150, horizontal_recoil=2.0, vertical_recoil=18.0, spread_horizontal=0.4, spread_vertical=0.5, sway=0.2, ergonomics=50, spare_magazines=2, starting_magazines=3, mags_from_supply=1, mags_from_ammo_box=1 WHERE weapon_id=4;
UPDATE public.weapon SET fire_rate=450, horizontal_recoil=5.0, vertical_recoil=10.0, spread_horizontal=1.2, spread_vertical=1.5, sway=0.9, ergonomics=68, spare_magazines=3, starting_magazines=4, mags_from_supply=2, mags_from_ammo_box=1 WHERE weapon_id=5;
UPDATE public.weapon SET fire_rate=1000, horizontal_recoil=3.5, vertical_recoil=6.0, spread_horizontal=1.8, spread_vertical=2.2, sway=1.5, ergonomics=75, spare_magazines=3, starting_magazines=4, mags_from_supply=2, mags_from_ammo_box=1 WHERE weapon_id=6;
UPDATE public.weapon SET fire_rate=60,  horizontal_recoil=1.0, vertical_recoil=3.0, spread_horizontal=0.2, spread_vertical=0.2, sway=0.1, ergonomics=40, spare_magazines=1, starting_magazines=2, mags_from_supply=1, mags_from_ammo_box=0 WHERE weapon_id=7;
UPDATE public.weapon SET fire_rate=500, horizontal_recoil=8.0, vertical_recoil=20.0, spread_horizontal=2.0, spread_vertical=3.0, sway=2.0, ergonomics=35, spare_magazines=2, starting_magazines=3, mags_from_supply=2, mags_from_ammo_box=1 WHERE weapon_id=8;
UPDATE public.weapon SET fire_rate=60,  horizontal_recoil=0.5, vertical_recoil=1.0, spread_horizontal=0.0, spread_vertical=0.0, sway=0.0, ergonomics=30, spare_magazines=2, starting_magazines=3, mags_from_supply=2, mags_from_ammo_box=1 WHERE weapon_id=9;
UPDATE public.weapon SET fire_rate=60,  horizontal_recoil=0.5, vertical_recoil=1.0, spread_horizontal=0.0, spread_vertical=0.0, sway=0.0, ergonomics=32, spare_magazines=3, starting_magazines=4, mags_from_supply=2, mags_from_ammo_box=1 WHERE weapon_id=10;

-- Extra weapon_ammo links so weapons have multiple ammo types
INSERT INTO public.weapon_ammo (weapon_id, ammo_id) VALUES
(1, 9),
(2, 3),
(3, 7),
(4, 5),
(5, 6),
(8, 5);